{
  "type": "minecraft:chest",
  "pools": [
    {
      "rolls": {
        "type": "minecraft:uniform",
        "min": 1,
        "max": 5
      },
      "bonus_rolls": 0,
      "entries": [
        {
          "type": "minecraft:item",
          "name": "minecraft:clay_ball",
          "functions": [
            {
              "function": "minecraft:set_count",
              "count": {
                "type": "minecraft:uniform",
                "min": 1,
                "max": 3
              },
              "add": false
            }
          ]
        },
        {
          "type": "minecraft:item",
          "name": "minecraft:flower_pot"
        },
        {
          "type": "minecraft:item",
          "name": "minecraft:stone",
          "weight": 2
        },
        {
          "type": "minecraft:item",
          "name": "minecraft:stone_bricks",
          "weight": 2
        },
        {
          "type": "minecraft:item",
          "name": "minecraft:bread",
          "weight": 4,
          "functions": [
            {
              "function": "minecraft:set_count",
              "count": {
                "type": "minecraft:uniform",
                "min": 1,
                "max": 4
              },
              "add": false
            }
          ]
        },
        {
          "type": "minecraft:item",
          "name": "minecraft:yellow_dye"
        },
        {
          "type": "minecraft:item",
          "name": "minecraft:smooth_stone"
        },
        {
          "type": "minecraft:item",
          "name": "minecraft:emerald"
        },
        {
          "type": "minecraft:item",
          "name": "minecraft:deepslate_bricks",
          "weight": 1
        }
      ]
    }
  ],
  "random_sequence": "minecraft:chests/village/village_mason"
}
