{
  "type": "minecraft:chest",
  "pools": [
    {
      "rolls": {
        "type": "minecraft:uniform",
        "min": 1,
        "max": 5
      },
      "bonus_rolls": 0,
      "entries": [
        {
          "type": "minecraft:item",
          "name": "minecraft:leather",
          "functions": [
            {
              "function": "minecraft:set_count",
              "count": {
                "type": "minecraft:uniform",
                "min": 1,
                "max": 3
              },
              "add": false
            }
          ]
        },
        {
          "type": "minecraft:item",
          "name": "minecraft:leather_chestplate",
          "weight": 2
        },
        {
          "type": "minecraft:item",
          "name": "minecraft:leather_boots",
          "weight": 2
        },
        {
          "type": "minecraft:item",
          "name": "minecraft:leather_helmet",
          "weight": 2
        },
        {
          "type": "minecraft:item",
          "name": "minecraft:bread",
          "weight": 5,
          "functions": [
            {
              "function": "minecraft:set_count",
              "count": {
                "type": "minecraft:uniform",
                "min": 1,
                "max": 4
              },
              "add": false
            }
          ]
        },
        {
          "type": "minecraft:item",
          "name": "minecraft:leather_leggings",
          "weight": 2
        },
        {
          "type": "minecraft:item",
          "name": "minecraft:saddle"
        },
        {
          "type": "minecraft:item",
          "name": "minecraft:emerald",
          "functions": [
            {
              "function": "minecraft:set_count",
              "count": {
                "type": "minecraft:uniform",
                "min": 1,
                "max": 4
              },
              "add": false
            }
          ]
        }
      ]
    }
  ],
  "random_sequence": "minecraft:chests/village/village_tannery"
}
