{
  "type": "minecraft:the_nether",
  "generator": {
    "type": "minecraft:noise",
    "settings": "minecraft:nether",
    "biome_source": {
      "type": "minecraft:multi_noise",
      "biomes": [
        {
          "biome": "minecraft:nether_wastes",
          "parameters": {
            "temperature": 0,
            "humidity": 0,
            "continentalness": 0,
            "erosion": 0,
            "weirdness": 0,
            "depth": 0,
            "offset": 0
          }
        },
        {
          "biome": "minecraft:warped_forest",
          "parameters": {
            "temperature": 0,
            "humidity": 0.5,
            "continentalness": 0,
            "erosion": 0,
            "weirdness": 0,
            "depth": 0,
            "offset": 0.375
          }
        }
      ]
    }
  }
}
