{
  "type": "minecraft:crafting_shapeless",
  "category": "building",
  "ingredients": [
    {
      "item": "minecraft:ice"
    },
    {
      "item": "minecraft:ice"
    },
    {
      "item": "minecraft:ice"
    },
    {
      "item": "minecraft:ice"
    },
    {
      "item": "minecraft:ice"
    },
    {
      "item": "minecraft:ice"
    },
    {
      "item": "minecraft:ice"
    },
    {
      "item": "minecraft:ice"
    },
    {
      "item": "minecraft:ice"
    }
  ],
  "result": {
    "item": "minecraft:air"
  }
}
